Class,Q1_e1,Q2_e1,Q3_e1,Q4_e1,Q5_e1,Q6_e1,Q7_e1,Q8_e1,Q9_e1,Q10_e1
a,0.5294117647058824,0.5882352941176471,0.6176470588235294,0.7941176470588235,0.6764705882352942,0.5588235294117647,0.5588235294117647,0.5,0.5882352941176471,0.6470588235294118
b,0.8,0.7333333333333333,0.7666666666666667,0.6666666666666666,0.6333333333333333,0.7,0.5666666666666667,0.6666666666666666,0.7333333333333333,0.8