Class,Q1_e2,Q2_e2,Q3_e2,Q4_e2,Q5_e2,Q6_e2,Q7_e2,Q8_e2,Q9_e2,Q10_e2
a,0.8823529411764706,0.7941176470588235,0.9705882352941176,0.9411764705882353,0.8235294117647058,0.7941176470588235,0.8235294117647058,0.8529411764705882,0.9411764705882353,0.7647058823529411
b,0.8333333333333334,0.9,0.8,0.7666666666666667,0.9666666666666667,0.8333333333333334,0.8666666666666667,0.8333333333333334,0.8,0.7333333333333333
